<?xml version="1.0" encoding="UTF-8"?>
<!DOCTYPE hibernate-mapping PUBLIC
        "-//Hibernate/Hibernate Mapping DTD 3.0//EN"
        "http://www.hibernate.org/dtd/hibernate-mapping-3.0.dtd" [
        <!ENTITY SailPointObjectSimple SYSTEM "classpath://sailpoint/object/SailPointObjectSimple.hbm.xml">
        ]>
<hibernate-mapping>
    <class name="pro.jakubiak.provisioning.simulator.ProvisioningRecord">
        &SailPointObjectSimple;
        <many-to-one name="identity" class="sailpoint.object.Identity"/>
        <property name="applicationName" type="string" length="128" index="spt_provisioning_record_application_name"/>
        <property name="nativeIdentity" type="string" length="128"/>
        <property name="operation" type="string" length="128" index="spt_provisioning_record_operation_name"/>
        <property name="oldValue" type="string" length="128"/>
        <property name="newValue" type="string" length="128"/>
        <property name="identitySupplId" type="string" length="128"/>
        <property name="identityName" type="string" length="128" index="spt_provisioning_record_identity_name"/>
        <property name="provisioningStatus" type="string" length="128" index="spt_provisioning_record_provisioning_status"/>
        <property name="attributeName" type="string" length="128" index="spt_provisioning_record_attribute_name"/>
    </class>
</hibernate-mapping>