<?xml version='1.0' encoding='UTF-8'?>
<!DOCTYPE sailpoint PUBLIC "sailpoint.dtd" "sailpoint.dtd">
<sailpoint>
  <ImportAction name="merge">
    <Configuration name="SystemConfiguration">
      <Attributes>
        <Map>
          <entry key="quickLinkCategories">
            <value>
              <List>
                <QuickLinkCategory cssClass="quickLinkCategoryProvisioningSimulator" enabled="true" messageKey="Provisioning Simulator" name="ProvisioningSimulator"/>
              </List>
            </value>
          </entry>
        </Map>
        </Attributes>
    </Configuration>
    </ImportAction>
</sailpoint>
